id,first_name,last_name,email,gender,ip_address
1,Fayette,Duxbarry,fduxbarry0@ocn.ne.jp,Female,37.191.255.253
2,Chaunce,Waller-Bridge,cwallerbridge1@feedburner.com,Male,62.31.130.56
3,Arny,Toffolo,atoffolo2@plala.or.jp,Male,113.201.186.135
4,Heath,Simonin,hsimonin3@patch.com,Male,18.185.137.252
5,Anabel,Aim,aaim4@yahoo.co.jp,Non-binary,69.29.191.234
6,Eric,Liversage,eliversage5@ebay.com,Male,182.249.8.145
7,Angel,Quin,aquin6@creativecommons.org,Bigender,77.147.154.68
8,Wang,Ege,wege7@tumblr.com,Male,250.243.178.49
9,Charil,Mordie,cmordie8@google.fr,Female,229.255.147.218
10,Cammy,Biddy,cbiddy9@clickbank.net,Female,245.56.15.152
11,Joyan,Koubek,jkoubeka@berkeley.edu,Female,9.89.64.218
12,Nady,Undrill,nundrillb@newyorker.com,Female,4.70.122.31
13,Jonathon,De Carteret,jdecarteretc@feedburner.com,Non-binary,19.101.77.248
14,Waly,Offa,woffad@diigo.com,Female,81.143.186.104
15,Valeria,Sabbin,vsabbine@upenn.edu,Female,167.238.12.139
16,Virgilio,Shrive,vshrivef@phpbb.com,Non-binary,166.77.11.210
17,Nanni,Eilers,neilersg@nationalgeographic.com,Non-binary,123.212.81.13
18,Vilhelmina,Aubrey,vaubreyh@house.gov,Female,214.48.26.206
19,Garwood,Machon,gmachoni@naver.com,Male,236.21.230.70
20,Darius,Spandley,dspandleyj@google.fr,Polygender,160.200.27.28
21,Bryant,Driussi,bdriussik@cnn.com,Male,190.237.249.32
22,Isak,Hulks,ihulksl@bluehost.com,Male,14.122.210.123
23,Emmett,Shatliff,eshatliffm@bloglovin.com,Male,120.75.125.157
24,Dora,Rogers,drogersn@de.vu,Female,92.19.90.220
25,Renato,Plaskett,rplasketto@cnbc.com,Male,66.65.233.46
26,Natka,Ourtic,nourticp@columbia.edu,Bigender,27.202.55.208
27,Jena,Rime,jrimeq@sina.com.cn,Female,233.243.23.156
28,Camel,Gaylor,cgaylorr@trellian.com,Female,3.61.13.103
29,Blinny,Baily,bbailys@icio.us,Female,182.192.18.227
30,Shaughn,Longstaffe,slongstaffet@cornell.edu,Male,203.109.58.7
31,Tera,Lucius,tluciusu@vk.com,Female,25.231.208.141
32,Myrta,Hallwood,mhallwoodv@state.tx.us,Female,105.208.47.174
33,Emera,Dugall,edugallw@lulu.com,Female,12.186.251.38
34,Pat,St Ledger,pstledgerx@thetimes.co.uk,Male,10.6.223.225
35,Stacee,Kebbell,skebbelly@marketwatch.com,Female,205.219.131.174
36,Celeste,Ayliffe,cayliffez@umn.edu,Female,217.159.151.102
37,Joelynn,Brawson,jbrawson10@epa.gov,Genderqueer,48.130.238.93
38,Madalyn,Sellor,msellor11@sakura.ne.jp,Female,246.115.202.24
39,Quinlan,Ware,qware12@statcounter.com,Male,244.51.200.203
40,Tootsie,Meates,tmeates13@zimbio.com,Female,134.222.88.125
41,Shayne,Fannon,sfannon14@mapquest.com,Male,36.28.225.15
42,Viki,Tinkler,vtinkler15@de.vu,Genderfluid,251.32.149.148
43,Ellwood,Tynnan,etynnan16@drupal.org,Male,136.147.1.244
44,Gwyn,Bessom,gbessom17@microsoft.com,Female,53.149.234.181
45,Corine,Sharvill,csharvill18@npr.org,Female,206.128.153.137
46,Lenna,Powney,lpowney19@about.com,Female,180.111.158.203
47,Hilary,Chillingsworth,hchillingsworth1a@rakuten.co.jp,Male,88.189.74.27
48,Otes,Moodie,omoodie1b@dailymotion.com,Male,149.32.101.65
49,Neville,Campkin,ncampkin1c@go.com,Male,253.145.81.88
50,Robbyn,Seleway,rseleway1d@google.it,Female,215.250.173.18
51,Brien,Shemilt,bshemilt1e@4shared.com,Male,173.181.218.86
52,Dougy,Howbrook,dhowbrook1f@whitehouse.gov,Male,28.77.100.11
53,Mallissa,Siman,msiman1g@pcworld.com,Female,151.108.29.49
54,Sarette,Tapply,stapply1h@nih.gov,Female,132.86.189.189
55,Ingeborg,Simpson,isimpson1i@upenn.edu,Female,206.2.71.149
56,King,Dadd,kdadd1j@flickr.com,Male,124.200.0.115
57,Jenna,Blaney,jblaney1k@privacy.gov.au,Female,172.187.96.179
58,Alexa,O'Haire,aohaire1l@flickr.com,Female,82.0.189.251
59,Euell,MacGrath,emacgrath1m@cisco.com,Genderfluid,192.105.37.17
60,Ferdinand,Huskisson,fhuskisson1n@un.org,Male,202.21.60.34
61,Celesta,Brodnecke,cbrodnecke1o@eventbrite.com,Female,192.215.56.94
62,Josefa,Beiderbecke,jbeiderbecke1p@printfriendly.com,Female,161.31.138.172
63,Jsandye,Lait,jlait1q@hugedomains.com,Female,143.140.37.249
64,Kleon,Causton,kcauston1r@wp.com,Male,17.100.43.242
65,Trumaine,Condie,tcondie1s@unc.edu,Male,32.58.48.145
66,Dwayne,Samsworth,dsamsworth1t@youtube.com,Male,47.63.66.136
67,Rosie,Gearty,rgearty1u@bloglines.com,Female,175.165.242.177
68,Carlotta,St. Queintain,cstqueintain1v@typepad.com,Female,50.185.45.150
69,Zak,Glasgow,zglasgow1w@arstechnica.com,Male,141.213.75.88
70,Aleksandr,Proger,aproger1x@sun.com,Genderfluid,192.147.212.18
71,Cyril,Reddington,creddington1y@ycombinator.com,Male,176.133.178.93
72,Consuelo,Thal,cthal1z@123-reg.co.uk,Female,190.71.56.39
73,Rickie,Weddell,rweddell20@hostgator.com,Female,101.177.77.121
74,Cyrus,Jannequin,cjannequin21@homestead.com,Male,67.202.230.1
75,Seth,Vanelli,svanelli22@etsy.com,Male,125.134.40.226
76,Shandee,Fairweather,sfairweather23@blog.com,Female,67.5.53.215
77,Tallie,Szach,tszach24@pcworld.com,Female,60.47.159.63
78,Martina,Gibard,mgibard25@clickbank.net,Female,250.79.38.148
79,Brandyn,Armfield,barmfield26@homestead.com,Male,36.227.15.174
80,Deni,Sollom,dsollom27@mapy.cz,Female,120.175.25.172
81,Freedman,Sallter,fsallter28@fastcompany.com,Male,76.168.11.122
82,Eada,Burgiss,eburgiss29@g.co,Female,120.107.196.148
83,Stillman,Longmate,slongmate2a@deliciousdays.com,Male,36.32.117.111
84,Isidro,Lucus,ilucus2b@zimbio.com,Male,157.5.235.67
85,Hoyt,Belasco,hbelasco2c@techcrunch.com,Male,124.217.82.208
86,Cly,Verrico,cverrico2d@ihg.com,Male,150.145.179.124
87,Hammad,Rupel,hrupel2e@sitemeter.com,Male,150.101.198.216
88,Trstram,McCurry,tmccurry2f@ucoz.ru,Male,144.57.127.144
89,Alistair,Chesworth,achesworth2g@un.org,Male,75.154.193.86
90,Stevana,Brockhurst,sbrockhurst2h@weibo.com,Female,244.86.246.86
91,Corrine,Fidian,cfidian2i@webmd.com,Bigender,233.161.92.80
92,Robb,Samsin,rsamsin2j@etsy.com,Male,112.195.61.181
93,Dedra,Wadforth,dwadforth2k@mayoclinic.com,Polygender,188.95.81.185
94,Alexandro,Christopherson,achristopherson2l@cyberchimps.com,Male,110.152.109.212
95,Thebault,Hadigate,thadigate2m@cyberchimps.com,Male,163.187.94.127
96,Kermit,Golthorpp,kgolthorpp2n@moonfruit.com,Male,140.91.154.27
97,Humphrey,Stockney,hstockney2o@mail.ru,Male,72.87.200.83
98,Briggs,Faucett,bfaucett2p@yandex.ru,Male,27.14.233.185
99,Emlen,Blackater,eblackater2q@technorati.com,Male,200.10.128.77
100,Paulina,Jameson,pjameson2r@bloomberg.com,Female,18.65.80.96
101,Kathie,Collyns,kcollyns2s@blog.com,Female,80.68.19.30
102,Ambrosio,Murdie,amurdie2t@nationalgeographic.com,Male,46.94.208.255
103,Rod,Abramamovh,rabramamovh2u@squarespace.com,Male,228.15.161.31
104,Edith,Bulward,ebulward2v@photobucket.com,Female,151.243.120.163
105,Meridel,Frie,mfrie2w@wufoo.com,Female,158.94.180.123
106,Rodolphe,Longbottom,rlongbottom2x@issuu.com,Male,177.93.110.212
107,Constancia,Tellesson,ctellesson2y@lulu.com,Genderfluid,165.203.144.207
108,Gawain,Gabriel,ggabriel2z@home.pl,Male,131.9.189.184
109,Sylas,Hansbury,shansbury30@stumbleupon.com,Male,17.95.79.131
110,Liesa,Penhall,lpenhall31@msn.com,Female,217.87.117.196
111,Eziechiele,Stronghill,estronghill32@chicagotribune.com,Male,201.21.182.195
112,Berti,Gason,bgason33@nymag.com,Female,35.128.31.224
113,Tallia,Larenson,tlarenson34@simplemachines.org,Female,142.213.32.38
114,Norrie,Balharrie,nbalharrie35@simplemachines.org,Male,188.216.90.243
115,Wilt,Greasley,wgreasley36@gravatar.com,Male,157.148.126.64
116,Esma,Hawarden,ehawarden37@goo.ne.jp,Female,183.126.210.251
117,Jerald,Meedendorpe,jmeedendorpe38@google.cn,Male,219.37.104.35
118,Cooper,Sadler,csadler39@example.com,Male,22.138.131.19
119,Gregg,Marchington,gmarchington3a@spiegel.de,Male,84.46.7.209
120,Lauren,Dukesbury,ldukesbury3b@about.me,Male,153.201.247.254
121,Vaughan,Birkwood,vbirkwood3c@wp.com,Male,78.56.224.100
122,Lefty,Daley,ldaley3d@ucoz.ru,Male,33.20.245.66
123,Filippo,Glazzard,fglazzard3e@unesco.org,Male,163.223.242.140
124,Donielle,Couves,dcouves3f@howstuffworks.com,Female,231.26.168.0
125,Miguela,Patek,mpatek3g@upenn.edu,Female,223.23.212.213
126,Eduardo,Windibank,ewindibank3h@un.org,Male,196.251.85.85
127,Daphene,Semiras,dsemiras3i@about.com,Female,248.219.57.246
128,Udall,Mallinson,umallinson3j@wisc.edu,Male,159.97.17.138
129,Amberly,Joselson,ajoselson3k@google.co.uk,Female,129.45.122.203
130,Fedora,Philot,fphilot3l@acquirethisname.com,Female,61.60.130.191
131,Mordy,Barense,mbarense3m@biblegateway.com,Male,130.120.28.123
132,Skyler,Yurkevich,syurkevich3n@hud.gov,Male,238.179.160.81
133,Jeni,Labat,jlabat3o@typepad.com,Female,154.242.230.100
134,Zulema,Garthland,zgarthland3p@omniture.com,Female,196.90.81.136
135,Blakelee,Kerry,bkerry3q@4shared.com,Female,138.121.30.128
136,Ozzy,Abrahmovici,oabrahmovici3r@skype.com,Male,93.229.255.95
137,Gertruda,Kisting,gkisting3s@facebook.com,Bigender,117.221.229.250
138,Papageno,Duxbarry,pduxbarry3t@comsenz.com,Male,233.201.205.92
139,Lavena,Fumagalli,lfumagalli3u@howstuffworks.com,Female,182.198.40.24
140,Leena,Diglin,ldiglin3v@odnoklassniki.ru,Female,26.78.117.72
141,Moselle,Kornilyev,mkornilyev3w@webmd.com,Genderqueer,68.150.44.30
142,Ivory,Week,iweek3x@hostgator.com,Female,242.228.193.252
143,Tamma,Carus,tcarus3y@flavors.me,Female,199.35.105.129
144,Helli,Dorot,hdorot3z@g.co,Female,108.166.13.42
145,Kerk,Woodcock,kwoodcock40@arizona.edu,Male,171.150.226.2
146,Karlens,Tomley,ktomley41@wordpress.org,Male,158.81.163.129
147,Cortie,Sullly,csullly42@usgs.gov,Male,43.218.65.64
148,Jenilee,Petschel,jpetschel43@vk.com,Female,113.69.137.193
149,Donnajean,Aggett,daggett44@unblog.fr,Female,241.20.103.19
150,Aliza,Sparrowhawk,asparrowhawk45@engadget.com,Female,81.98.218.108
151,Willi,Schutte,wschutte46@woothemes.com,Male,169.155.224.67
152,Venita,Donizeau,vdonizeau47@spotify.com,Female,126.250.254.14
153,Tallulah,Tafani,ttafani48@lulu.com,Female,99.215.247.54
154,Tiebout,Itchingham,titchingham49@pcworld.com,Male,202.98.151.27
155,Celestyna,Pickard,cpickard4a@wiley.com,Female,57.6.151.89
156,Mag,Rojahn,mrojahn4b@angelfire.com,Female,148.214.190.43
157,Riane,Levens,rlevens4c@de.vu,Female,158.82.97.217
158,Kali,Lardner,klardner4d@imdb.com,Female,75.14.240.161
159,Carlen,Pascho,cpascho4e@seesaa.net,Female,64.189.66.43
160,Kandy,Deackes,kdeackes4f@who.int,Female,36.104.3.225
161,Nev,Arbon,narbon4g@washingtonpost.com,Male,211.246.148.170
162,Falkner,Gingel,fgingel4h@elegantthemes.com,Male,240.213.31.116
163,Sheryl,McMenamin,smcmenamin4i@phpbb.com,Genderqueer,124.118.133.218
164,Ddene,MacMorland,dmacmorland4j@foxnews.com,Polygender,186.6.90.53
165,Millie,Bridywater,mbridywater4k@w3.org,Female,251.31.191.66
166,Hestia,Blonfield,hblonfield4l@gizmodo.com,Female,208.203.79.226
167,Winnifred,Bassett,wbassett4m@icio.us,Female,147.99.132.141
168,Chadd,Spaice,cspaice4n@prlog.org,Male,139.43.212.139
169,Kerri,Dumsday,kdumsday4o@mtv.com,Female,88.212.146.124
170,Cloe,Peaker,cpeaker4p@ed.gov,Female,184.10.232.223
171,Charita,Winter,cwinter4q@miibeian.gov.cn,Female,229.40.126.246
172,Gaspar,Kippax,gkippax4r@biblegateway.com,Bigender,152.222.186.156
173,Fanchon,Gass,fgass4s@telegraph.co.uk,Female,1.47.241.128
174,Flore,Ginity,fginity4t@g.co,Genderqueer,159.234.228.176
175,Jonathon,Epgrave,jepgrave4u@de.vu,Male,29.218.225.149
176,Gipsy,Fuzzey,gfuzzey4v@irs.gov,Female,39.168.14.112
177,Gris,Twidale,gtwidale4w@technorati.com,Male,227.131.37.7
178,Fedora,Langforth,flangforth4x@i2i.jp,Female,187.126.54.140
179,Carlina,Foley,cfoley4y@gizmodo.com,Female,49.45.95.1
180,Harp,Whitters,hwhitters4z@google.co.uk,Male,70.39.145.187
181,Porty,Lainton,plainton50@dell.com,Male,39.189.122.151
182,Wini,Biddy,wbiddy51@goodreads.com,Female,64.210.219.84
183,Harwell,Doudny,hdoudny52@dropbox.com,Polygender,5.229.67.176
184,Juliette,Bales,jbales53@yelp.com,Female,75.163.107.60
185,Stavros,Nipper,snipper54@clickbank.net,Male,208.203.176.8
186,Luigi,Dine-Hart,ldinehart55@bluehost.com,Male,64.73.84.16
187,Mora,Miskimmon,mmiskimmon56@discuz.net,Female,200.14.191.93
188,Tobias,Swinburn,tswinburn57@unc.edu,Male,245.142.17.39
189,Valli,Beggs,vbeggs58@imdb.com,Female,93.27.189.152
190,Nefen,Moseby,nmoseby59@4shared.com,Agender,160.178.241.15
191,Ilsa,Edney,iedney5a@arizona.edu,Female,97.187.159.15
192,Ros,Sima,rsima5b@unc.edu,Non-binary,204.223.35.81
193,Wrennie,Urrey,wurrey5c@upenn.edu,Female,10.155.52.204
194,Delmor,Silvester,dsilvester5d@statcounter.com,Male,163.128.132.140
195,Goldi,Buxton,gbuxton5e@naver.com,Female,82.223.249.91
196,Buckie,Eagleston,beagleston5f@dyndns.org,Male,195.193.250.242
197,Flinn,Willcott,fwillcott5g@photobucket.com,Male,171.3.232.197
198,Aylmer,Grishechkin,agrishechkin5h@cyberchimps.com,Male,250.12.98.26
199,Simone,Dunham,sdunham5i@dagondesign.com,Male,54.148.231.211
200,Irma,Rodgier,irodgier5j@who.int,Female,41.213.100.155
201,Duky,Ragge,dragge5k@barnesandnoble.com,Male,236.70.121.141
202,Elora,Rudge,erudge5l@ca.gov,Female,103.182.47.111
203,Hermon,Fisbburne,hfisbburne5m@toplist.cz,Male,167.59.86.24
204,Nydia,Weatherburn,nweatherburn5n@github.io,Female,50.132.171.148
205,Nels,Fairpool,nfairpool5o@sciencedirect.com,Genderqueer,172.200.211.241
206,Cirillo,Capon,ccapon5p@webnode.com,Male,138.232.31.48
207,Gaylord,Joreau,gjoreau5q@soup.io,Male,234.97.84.51
208,Law,Patkin,lpatkin5r@list-manage.com,Male,239.23.7.62
209,Hurleigh,Pietrowicz,hpietrowicz5s@yellowpages.com,Male,193.132.141.46
210,Jodie,McCroary,jmccroary5t@va.gov,Male,163.167.137.219
211,Dacey,Diwell,ddiwell5u@forbes.com,Female,126.198.239.154
212,Latisha,Matthessen,lmatthessen5v@statcounter.com,Female,253.186.108.164
213,Aristotle,Mollitt,amollitt5w@tripadvisor.com,Male,112.179.145.229
214,Jacklin,Garraway,jgarraway5x@upenn.edu,Female,100.72.248.189
215,Grover,Winman,gwinman5y@umn.edu,Male,227.199.4.98
216,Jeanelle,Brainsby,jbrainsby5z@flavors.me,Female,13.244.174.196
217,Joshia,Billison,jbillison60@engadget.com,Male,232.227.230.237
218,Sherilyn,Fairnie,sfairnie61@tiny.cc,Female,210.14.31.3
219,Enriqueta,Sheraton,esheraton62@prweb.com,Female,107.247.77.228
220,Iago,Rean,irean63@typepad.com,Male,43.154.39.156
221,Jordana,Prudham,jprudham64@goodreads.com,Female,177.153.245.5
222,Dodie,Bucknall,dbucknall65@freewebs.com,Female,19.142.111.120
223,Minor,Webb,mwebb66@miitbeian.gov.cn,Male,68.14.112.191
224,Aime,Raund,araund67@pen.io,Female,137.135.206.25
225,Chip,Anney,canney68@nsw.gov.au,Male,186.93.231.252
226,Mario,Trewinnard,mtrewinnard69@youku.com,Male,140.40.125.121
227,Thayne,Cockill,tcockill6a@dailymotion.com,Male,254.218.105.208
228,Nikolia,Spreadbury,nspreadbury6b@state.tx.us,Female,20.253.32.15
229,Phillipe,Betancourt,pbetancourt6c@smugmug.com,Male,62.110.138.211
230,Sianna,Adelsberg,sadelsberg6d@bizjournals.com,Female,252.130.245.109
231,Torin,Mossbee,tmossbee6e@google.co.jp,Male,67.194.232.52
232,Adara,Fransseni,afransseni6f@odnoklassniki.ru,Female,160.108.124.215
233,Lucretia,Blasgen,lblasgen6g@nytimes.com,Agender,60.104.204.254
234,Christian,Rookledge,crookledge6h@japanpost.jp,Female,189.109.17.126
235,Debor,Beckett,dbeckett6i@foxnews.com,Female,116.151.114.233
236,Den,Smallbone,dsmallbone6j@last.fm,Male,226.115.146.57
237,Sly,Upward,supward6k@businessweek.com,Male,15.209.153.95
238,Eduino,Thing,ething6l@wikimedia.org,Male,97.83.183.112
239,Marcelle,Cuchey,mcuchey6m@networksolutions.com,Genderfluid,239.167.49.49
240,Nicolette,Kenrack,nkenrack6n@army.mil,Female,115.110.31.167
241,Kev,Warby,kwarby6o@dropbox.com,Male,89.222.149.140
242,Juli,Batchellor,jbatchellor6p@g.co,Female,229.77.195.60
243,Bernadette,Haycraft,bhaycraft6q@pinterest.com,Female,81.15.24.61
244,Anson,Sumsion,asumsion6r@fc2.com,Male,59.224.11.13
245,Edith,Buse,ebuse6s@purevolume.com,Female,36.97.192.62
246,Rodrick,Pople,rpople6t@dedecms.com,Male,149.13.164.146
247,Carolann,Scotchmore,cscotchmore6u@tumblr.com,Female,85.103.241.190
248,Benn,Borsi,bborsi6v@weather.com,Male,204.198.208.172
249,Byron,Mudge,bmudge6w@nps.gov,Male,38.240.63.1
250,Berny,Duer,bduer6x@washington.edu,Female,44.134.22.126
251,Tobias,Dobney,tdobney6y@cdc.gov,Male,124.134.96.229
252,Borg,Wegman,bwegman6z@marriott.com,Male,230.1.72.219
253,Kimberly,Rubin,krubin70@github.com,Female,204.185.147.221
254,Nicko,Danton,ndanton71@exblog.jp,Male,28.250.148.135
255,Romain,Yglesia,ryglesia72@cyberchimps.com,Male,109.203.14.41
256,Maurise,Patey,mpatey73@51.la,Male,140.122.46.73
257,Aime,Rummery,arummery74@npr.org,Female,197.238.114.146
258,Tonia,Rodolf,trodolf75@amazon.de,Polygender,195.141.40.5
259,Cristin,Saiger,csaiger76@hexun.com,Female,182.70.129.150
260,Benita,Begwell,bbegwell77@hao123.com,Genderfluid,192.198.232.186
261,Thaddus,Algate,talgate78@yellowbook.com,Male,208.148.40.255
262,Merci,Lanchester,mlanchester79@webeden.co.uk,Female,0.177.186.108
263,Ford,Eldredge,feldredge7a@over-blog.com,Male,69.131.27.62
264,Clark,Leppard,cleppard7b@google.nl,Male,102.41.190.9
265,Lucine,Roskams,lroskams7c@live.com,Female,212.163.38.10
266,Ferdinanda,Winchcum,fwinchcum7d@imageshack.us,Female,207.146.245.44
267,Merry,Broxholme,mbroxholme7e@archive.org,Male,230.214.188.89
268,Jehanna,Heasly,jheasly7f@psu.edu,Genderfluid,19.83.231.24
269,Emmi,Sprosson,esprosson7g@feedburner.com,Female,169.76.202.176
270,Denys,Kyncl,dkyncl7h@admin.ch,Polygender,84.234.126.147
271,Kandy,Aleksandrov,kaleksandrov7i@devhub.com,Female,47.45.30.73
272,Alikee,Barnardo,abarnardo7j@indiegogo.com,Female,112.171.9.38
273,Riobard,Coch,rcoch7k@fastcompany.com,Male,180.96.125.100
274,Lulita,Jankovic,ljankovic7l@youku.com,Female,48.56.172.67
275,Olia,Russel,orussel7m@dyndns.org,Female,214.47.253.171
276,Flory,Nyles,fnyles7n@imageshack.us,Male,59.45.145.19
277,Addi,Yockney,ayockney7o@tripod.com,Polygender,64.168.132.188
278,Michaela,Hakonsen,mhakonsen7p@shinystat.com,Female,211.152.36.152
279,Catharine,Shingler,cshingler7q@dailymail.co.uk,Non-binary,130.244.195.151
280,Hester,Euplate,heuplate7r@netlog.com,Female,48.88.204.162
281,Brok,Dreger,bdreger7s@cmu.edu,Male,86.186.177.89
282,Sharla,Frankland,sfrankland7t@nps.gov,Female,219.243.134.102
283,Martica,Mainston,mmainston7u@parallels.com,Female,129.127.203.5
284,Luella,Raynard,lraynard7v@blinklist.com,Female,127.17.159.100
285,Calvin,Ashbey,cashbey7w@multiply.com,Male,212.6.110.149
286,Bartholomeo,Gimlet,bgimlet7x@miitbeian.gov.cn,Male,93.60.203.40
287,Felicio,Napoleon,fnapoleon7y@w3.org,Genderfluid,21.192.42.112
288,Isiahi,Bikker,ibikker7z@wikimedia.org,Male,80.188.169.55
289,Caryn,Cornils,ccornils80@yandex.ru,Female,193.57.242.176
290,Tomi,Maggs,tmaggs81@vkontakte.ru,Female,149.124.135.234
291,Hercule,Shawe,hshawe82@ifeng.com,Male,195.88.213.81
292,Netta,Flintoff,nflintoff83@mapy.cz,Female,200.116.120.218
293,Desmund,Roomes,droomes84@si.edu,Male,197.228.235.98
294,Melinde,Kettlesing,mkettlesing85@so-net.ne.jp,Female,213.36.54.166
295,Xavier,Pymer,xpymer86@squidoo.com,Male,105.50.27.139
296,Sylvester,Iceton,siceton87@simplemachines.org,Polygender,197.154.249.23
297,Tomkin,Milleton,tmilleton88@dropbox.com,Male,197.172.191.109
298,Karla,Pinn,kpinn89@ihg.com,Female,247.252.13.88
299,Mariska,Gier,mgier8a@usnews.com,Female,127.146.115.246
300,Amalita,O'Murtagh,aomurtagh8b@elpais.com,Female,118.160.169.67
301,Pietrek,Rout,prout8c@bing.com,Male,180.210.11.180
302,Virgina,Elkins,velkins8d@wsj.com,Female,42.58.202.206
303,Wells,Moryson,wmoryson8e@ucoz.com,Male,165.79.205.62
304,Laurianne,Zamboniari,lzamboniari8f@indiatimes.com,Female,155.234.134.113
305,Marlie,Samper,msamper8g@istockphoto.com,Female,82.91.212.143
306,Arnuad,ducarme,aducarme8h@gnu.org,Male,197.189.220.88
307,Douglass,Getley,dgetley8i@ezinearticles.com,Male,124.114.48.23
308,Randie,Jemmett,rjemmett8j@cam.ac.uk,Male,180.96.251.46
309,Lexis,Belsham,lbelsham8k@bravesites.com,Female,227.193.107.216
310,Ruprecht,Gever,rgever8l@whitehouse.gov,Male,101.156.49.164
311,Clywd,Baise,cbaise8m@msu.edu,Male,213.227.125.128
312,Nikolas,Ezzle,nezzle8n@mayoclinic.com,Male,154.127.10.40
313,Agathe,Sheasby,asheasby8o@redcross.org,Genderqueer,105.71.243.90
314,Nicolis,MacAllen,nmacallen8p@privacy.gov.au,Male,43.188.180.106
315,Nydia,Limon,nlimon8q@mozilla.org,Female,47.150.172.111
316,Kippy,Aronow,karonow8r@macromedia.com,Female,69.221.43.94
317,Brade,Petrashov,bpetrashov8s@moonfruit.com,Male,214.22.238.6
318,Eleonora,Camerello,ecamerello8t@state.tx.us,Female,38.74.140.61
319,Tove,Hiskey,thiskey8u@jiathis.com,Bigender,201.91.235.60
320,Arleta,De Stoop,adestoop8v@bloomberg.com,Female,133.74.5.13
321,Vivia,Dedon,vdedon8w@trellian.com,Non-binary,118.48.75.131
322,Nikos,Plowright,nplowright8x@youtu.be,Male,204.53.118.215
323,Pavla,Smidmor,psmidmor8y@nasa.gov,Female,189.186.44.255
324,Bartolemo,Sapena,bsapena8z@vkontakte.ru,Male,163.109.146.169
325,Alysa,Caldecott,acaldecott90@unicef.org,Female,20.209.35.14
326,Jeremiah,Mc Comb,jmccomb91@mit.edu,Male,151.152.218.176
327,Alistair,Slater,aslater92@edublogs.org,Male,76.230.199.4
328,Giffer,Birchenough,gbirchenough93@yellowbook.com,Male,197.3.117.93
329,Katharyn,Emslie,kemslie94@microsoft.com,Female,193.104.125.83
330,Merola,Krzysztofiak,mkrzysztofiak95@globo.com,Female,220.229.166.181
331,Donnamarie,Gillbe,dgillbe96@dailymotion.com,Female,199.115.215.120
332,Baxie,Greenhow,bgreenhow97@comcast.net,Male,138.66.72.152
333,Rex,Pretty,rpretty98@prnewswire.com,Male,237.216.45.222
334,Rick,Kenford,rkenford99@illinois.edu,Male,227.57.129.97
335,Goddard,Mumbey,gmumbey9a@slate.com,Male,102.67.21.48
336,Odey,Worrill,oworrill9b@rambler.ru,Male,232.114.139.44
337,Nissy,McVitty,nmcvitty9c@comcast.net,Female,151.104.71.249
338,Sinclare,Monteath,smonteath9d@imageshack.us,Male,214.196.168.111
339,Demetris,Heinl,dheinl9e@zimbio.com,Male,143.142.145.138
340,Roldan,Currom,rcurrom9f@wordpress.org,Male,165.165.63.49
341,Desi,Tesmond,dtesmond9g@umn.edu,Male,197.106.221.249
342,Pierrette,Clogg,pclogg9h@google.co.uk,Female,20.52.30.242
343,Shay,Silwood,ssilwood9i@redcross.org,Male,224.214.133.241
344,Trista,Houltham,thoultham9j@spiegel.de,Female,122.167.70.11
345,Anne-marie,Ruddiman,aruddiman9k@list-manage.com,Female,189.203.81.9
346,Mortimer,Hughland,mhughland9l@themeforest.net,Male,47.92.250.181
347,Parke,Girodias,pgirodias9m@nytimes.com,Male,126.240.126.158
348,Dorey,Oldknowe,doldknowe9n@amazon.de,Male,20.203.112.20
349,Mareah,Reucastle,mreucastle9o@weibo.com,Female,78.222.254.18
350,Belva,Keymar,bkeymar9p@csmonitor.com,Polygender,66.180.229.31
351,Zarah,Swinburne,zswinburne9q@scientificamerican.com,Female,116.241.5.86
352,Corilla,Firbank,cfirbank9r@phpbb.com,Female,35.221.67.151
353,Sayer,Kosiada,skosiada9s@smh.com.au,Male,81.80.21.62
354,Granger,Lind,glind9t@cornell.edu,Male,237.210.9.219
355,Henriette,Mollatt,hmollatt9u@taobao.com,Female,202.128.179.166
356,Farlie,Ingree,fingree9v@angelfire.com,Male,13.1.244.135
357,Christoforo,Walmsley,cwalmsley9w@guardian.co.uk,Bigender,42.138.119.84
358,Misha,O'Monahan,momonahan9x@posterous.com,Female,85.80.84.38
359,Marvin,Frean,mfrean9y@utexas.edu,Male,25.114.192.11
360,Rhonda,Erratt,rerratt9z@accuweather.com,Female,166.15.36.163
361,Anni,Foad,afoada0@list-manage.com,Female,247.145.158.190
362,Patrizio,Maharg,pmaharga1@bravesites.com,Male,150.50.250.178
363,Nedda,Bonellie,nbonelliea2@fotki.com,Female,139.77.218.229
364,Adore,Hubbard,ahubbarda3@uiuc.edu,Female,218.85.159.29
365,Sarah,Casterot,scasterota4@nbcnews.com,Female,148.162.142.203
366,Jeddy,De la Yglesia,jdelayglesiaa5@pagesperso-orange.fr,Male,14.160.85.247
367,Brigitte,Shill,bshilla6@sun.com,Female,72.106.155.24
368,Calhoun,Beard,cbearda7@gravatar.com,Male,226.90.122.171
369,Artemas,Gibbons,agibbonsa8@parallels.com,Male,138.222.46.179
370,Karlan,Elston,kelstona9@angelfire.com,Male,20.62.33.158
371,Allin,Lamacraft,alamacraftaa@guardian.co.uk,Male,2.112.160.121
372,Filide,Simpkiss,fsimpkissab@amazon.co.uk,Female,105.90.254.49
373,Guillermo,Fardy,gfardyac@topsy.com,Male,253.239.29.62
374,Jim,Demangeot,jdemangeotad@a8.net,Male,159.208.152.226
375,Ulrike,Abramamovh,uabramamovhae@nhs.uk,Female,117.240.55.123
376,Kerby,Ridolfi,kridolfiaf@wiley.com,Male,96.90.97.39
377,Kym,Wordington,kwordingtonag@bbb.org,Female,57.26.124.159
378,Caryn,De Beauchemp,cdebeauchempah@epa.gov,Female,150.209.128.24
379,Elly,Ricciardo,ericciardoai@theatlantic.com,Female,247.119.27.242
380,Dallas,De Atta,ddeattaaj@edublogs.org,Male,229.90.57.128
381,Yasmin,Francais,yfrancaisak@gov.uk,Female,215.108.131.187
382,Glenda,Jakovijevic,gjakovijevical@europa.eu,Female,248.159.47.142
383,Munmro,Gladstone,mgladstoneam@google.de,Male,13.197.10.164
384,Nappie,McPartlin,nmcpartlinan@macromedia.com,Male,127.148.128.60
385,Ralf,Bonafacino,rbonafacinoao@studiopress.com,Male,222.88.234.231
386,Tally,Kinmond,tkinmondap@digg.com,Female,76.49.110.0
387,Alejandro,Izzett,aizzettaq@diigo.com,Male,155.232.118.177
388,Todd,Jobey,tjobeyar@intel.com,Genderfluid,78.21.178.8
389,Kaye,Redmayne,kredmayneas@google.nl,Female,136.71.174.91
390,Culley,Cosgrove,ccosgroveat@desdev.cn,Male,106.94.55.147
391,Hadria,Stripp,hstrippau@github.io,Female,213.205.127.255
392,Jocelyne,Bramer,jbramerav@tuttocitta.it,Female,166.117.139.76
393,Morie,Thyer,mthyeraw@irs.gov,Agender,59.237.104.170
394,Ari,Balloch,aballochax@hp.com,Male,16.251.76.238
395,Quent,Creigan,qcreiganay@ask.com,Male,62.153.98.137
396,Faydra,Maddicks,fmaddicksaz@japanpost.jp,Female,33.68.251.207
397,Kenon,Skirling,kskirlingb0@apache.org,Male,90.143.199.180
398,Domingo,Crossgrove,dcrossgroveb1@unblog.fr,Male,217.198.243.114
399,Goldarina,Wyldes,gwyldesb2@epa.gov,Female,74.34.16.63
400,Coralie,Medeway,cmedewayb3@dyndns.org,Female,214.153.201.126
401,Marabel,Angell,mangellb4@yolasite.com,Female,78.40.135.223
402,Abbot,Librey,alibreyb5@boston.com,Male,39.37.152.202
403,Davita,Costley,dcostleyb6@yandex.ru,Polygender,253.92.197.157
404,Lucho,Snazel,lsnazelb7@earthlink.net,Male,165.154.179.40
405,Ailis,Mansfield,amansfieldb8@liveinternet.ru,Female,91.127.171.201
406,Radcliffe,Broggio,rbroggiob9@marketwatch.com,Male,0.42.166.90
407,Glynda,Pringour,gpringourba@usnews.com,Female,132.46.209.12
408,Lemar,MacFadyen,lmacfadyenbb@microsoft.com,Male,96.10.213.83
409,Gipsy,Trevallion,gtrevallionbc@feedburner.com,Genderqueer,244.219.183.79
410,Norbert,Berridge,nberridgebd@time.com,Male,255.64.246.104
411,Gay,Mousley,gmousleybe@mysql.com,Female,185.190.50.204
412,Derek,Glanvill,dglanvillbf@ocn.ne.jp,Male,147.69.190.215
413,Kerwinn,Lesor,klesorbg@guardian.co.uk,Male,31.139.82.224
414,Rebekkah,Portigall,rportigallbh@toplist.cz,Female,103.250.204.237
415,Delano,Perrins,dperrinsbi@unblog.fr,Male,251.147.37.43
416,Lew,Blythin,lblythinbj@goodreads.com,Male,53.173.172.224
417,Cati,Blackster,cblacksterbk@ftc.gov,Female,23.38.13.210
418,Wilona,Garnsworthy,wgarnsworthybl@usnews.com,Female,118.128.124.150
419,Sashenka,Swadlen,sswadlenbm@wikimedia.org,Female,179.79.132.77
420,Briant,Winear,bwinearbn@cnet.com,Male,245.254.31.203
421,Horace,Riddick,hriddickbo@is.gd,Male,128.89.161.203
422,Chane,Jiras,cjirasbp@princeton.edu,Male,125.99.14.49
423,Margareta,Cleaveland,mcleavelandbq@about.me,Female,230.11.93.162
424,Damian,Muzzollo,dmuzzollobr@google.fr,Male,89.63.6.112
425,Zechariah,Cominotti,zcominottibs@google.com.au,Male,152.176.2.69
426,Sandy,Fouracre,sfouracrebt@google.pl,Female,218.106.195.170
427,Isis,Newbery,inewberybu@rediff.com,Female,87.121.12.19
428,Harley,Pahlsson,hpahlssonbv@multiply.com,Female,204.158.129.234
429,Alaine,Ondrousek,aondrousekbw@globo.com,Female,239.234.170.61
430,Maryanne,Shortell,mshortellbx@oakley.com,Female,107.246.210.211
431,Geralda,Yanov,gyanovby@wikipedia.org,Female,123.205.107.227
432,Peyter,Janic,pjanicbz@usgs.gov,Male,185.253.243.63
433,Sherilyn,Vance,svancec0@harvard.edu,Female,47.65.66.108
434,Drucill,Chinnock,dchinnockc1@ezinearticles.com,Female,149.97.123.71
435,Torin,Hovington,thovingtonc2@google.com.au,Agender,127.182.30.253
436,Lilia,Ingleby,linglebyc3@indiatimes.com,Female,205.16.72.57
437,Cecil,Ibbott,cibbottc4@qq.com,Female,147.10.164.20
438,Virge,Greenier,vgreenierc5@nifty.com,Male,108.228.42.173
439,Hadlee,Kyle,hkylec6@eventbrite.com,Non-binary,46.221.229.34
440,Else,Stenson,estensonc7@mapquest.com,Female,192.172.11.41
441,Eleonora,Backsal,ebacksalc8@washington.edu,Female,184.151.176.151
442,Gwenni,Beldam,gbeldamc9@hud.gov,Female,236.138.254.192
443,Lori,Fiddy,lfiddyca@flickr.com,Female,5.169.233.225
444,Elia,Lineen,elineencb@ocn.ne.jp,Male,132.190.176.213
445,Kennedy,Metzke,kmetzkecc@newyorker.com,Genderfluid,245.10.213.135
446,Fenelia,Battison,fbattisoncd@tamu.edu,Female,179.111.117.7
447,Rosa,Shafe,rshafece@bloglovin.com,Agender,244.210.214.218
448,Arabela,Vinson,avinsoncf@bandcamp.com,Female,10.47.82.74
449,Gustaf,Groneway,ggronewaycg@drupal.org,Male,176.20.193.10
450,Thekla,Wonham,twonhamch@yelp.com,Female,69.90.242.132
451,Peyton,Bartaloni,pbartalonici@techcrunch.com,Male,250.15.102.9
452,Chen,Sircomb,csircombcj@yolasite.com,Male,236.100.97.241
453,Blanca,Trythall,btrythallck@vinaora.com,Female,7.224.41.5
454,Robby,O'Malley,romalleycl@bloomberg.com,Male,131.43.24.88
455,Jeromy,Awton,jawtoncm@pen.io,Male,135.23.150.148
456,Ingrim,Godard,igodardcn@seesaa.net,Male,46.220.201.43
457,Terrel,O'Crigane,tocriganeco@usgs.gov,Male,93.29.36.52
458,Millard,Davydenko,mdavydenkocp@archive.org,Male,228.213.122.62
459,Nappie,MacNeillie,nmacneilliecq@feedburner.com,Male,241.219.248.105
460,Channa,Brech,cbrechcr@hatena.ne.jp,Bigender,132.47.157.191
461,Desmond,Silcox,dsilcoxcs@amazon.co.jp,Male,27.131.140.95
462,Fergus,Antonognoli,fantonognolict@biglobe.ne.jp,Male,155.24.147.115
463,Herman,Aronstein,haronsteincu@shareasale.com,Male,216.175.161.152
464,Adrien,Wixey,awixeycv@homestead.com,Male,128.92.55.59
465,My,Twinterman,mtwintermancw@omniture.com,Male,181.115.245.126
466,Lyndy,Braidwood,lbraidwoodcx@tinyurl.com,Female,117.52.199.216
467,Kiley,Jouannin,kjouannincy@diigo.com,Female,108.93.151.226
468,Jackelyn,Hammant,jhammantcz@jugem.jp,Genderfluid,59.4.49.55
469,Shana,Everist,severistd0@mashable.com,Female,225.115.77.91
470,Zora,Fonzone,zfonzoned1@sina.com.cn,Female,78.129.125.17
471,Adan,Caruth,acaruthd2@cmu.edu,Male,156.205.106.192
472,Noemi,Hasselby,nhasselbyd3@dailymotion.com,Female,231.71.85.235
473,Michaelina,MacFadin,mmacfadind4@hubpages.com,Female,94.236.246.138
474,Milicent,Furneaux,mfurneauxd5@opera.com,Female,137.134.101.56
475,Courtnay,Van Der Weedenburg,cvanderweedenburgd6@nyu.edu,Female,221.127.89.67
476,Nevile,Edler,nedlerd7@hp.com,Male,142.35.144.56
477,Nathalia,Armand,narmandd8@cnet.com,Female,237.77.243.247
478,Trudy,Ferguson,tfergusond9@theatlantic.com,Female,222.194.219.93
479,Sterne,Shilling,sshillingda@google.it,Male,199.72.176.161
480,Zara,Russ,zrussdb@mysql.com,Female,149.244.75.54
481,Boycie,Fussey,bfusseydc@webs.com,Male,223.118.99.169
482,Stanislas,Bulford,sbulforddd@google.com.hk,Male,152.191.9.135
483,Zed,Piletic,zpileticde@msu.edu,Male,50.113.167.157
484,Loria,Goodband,lgoodbanddf@craigslist.org,Female,128.181.241.136
485,Devondra,Lowdwell,dlowdwelldg@vinaora.com,Female,76.233.137.232
486,Didi,Steinor,dsteinordh@blog.com,Female,137.98.232.1
487,Colet,Maccrea,cmaccreadi@parallels.com,Polygender,54.163.13.173
488,Sergei,Kik,skikdj@timesonline.co.uk,Male,249.58.171.15
489,Anders,Beynon,abeynondk@netlog.com,Male,125.27.159.227
490,Emilie,Kirkup,ekirkupdl@tiny.cc,Female,36.193.255.141
491,Nananne,Coatts,ncoattsdm@histats.com,Female,211.253.174.81
492,Broddy,Grut,bgrutdn@weebly.com,Male,235.31.31.219
493,Terry,Hurrell,thurrelldo@hud.gov,Female,97.255.80.17
494,Selig,Davenall,sdavenalldp@dell.com,Male,4.207.132.124
495,Dinah,Cadney,dcadneydq@technorati.com,Female,200.71.133.12
496,Michael,Mangeney,mmangeneydr@toplist.cz,Male,72.53.134.103
497,Tara,Youens,tyouensds@redcross.org,Female,41.92.110.108
498,Fannie,Woofendell,fwoofendelldt@dyndns.org,Female,132.71.12.194
499,Laverna,Tyght,ltyghtdu@google.es,Female,21.61.70.157
500,Broddie,Bartlett,bbartlettdv@trellian.com,Male,29.190.215.22
501,Claudio,Dike,cdikedw@hostgator.com,Male,119.73.171.85
502,Marcel,Room,mroomdx@jiathis.com,Male,250.147.21.102
503,Carree,Tuckerman,ctuckermandy@toplist.cz,Female,50.8.130.210
504,Dew,Cobbe,dcobbedz@google.nl,Male,33.181.129.209
505,Ardisj,Laming,alaminge0@google.com.hk,Female,92.45.15.12
506,Felic,Jantot,fjantote1@tinyurl.com,Male,242.220.189.194
507,Lauree,Michiel,lmichiele2@economist.com,Female,150.16.133.251
508,Aristotle,Bythell,abythelle3@ted.com,Bigender,198.57.173.120
509,Muhammad,Frier,mfriere4@wsj.com,Male,170.54.254.85
510,Beverlee,Cromblehome,bcromblehomee5@photobucket.com,Genderqueer,36.98.239.86
511,Lucien,Martinovic,lmartinovice6@creativecommons.org,Male,226.139.46.51
512,Megan,Daw,mdawe7@behance.net,Female,209.80.94.92
513,Philip,Jimeno,pjimenoe8@blog.com,Male,173.67.99.101
514,Kim,Keyworth,kkeyworthe9@trellian.com,Female,252.200.19.176
515,Louisette,Gostridge,lgostridgeea@usnews.com,Female,18.99.146.22
516,Amandy,Vitet,aviteteb@phoca.cz,Female,153.186.138.48
517,Giovanna,Swyer-Sexey,gswyersexeyec@unc.edu,Female,88.83.96.217
518,Brandea,Larne,blarneed@nationalgeographic.com,Female,8.215.202.226
519,Haskell,Blankau,hblankauee@infoseek.co.jp,Male,6.235.119.86
520,Chloe,Hymers,chymersef@archive.org,Female,137.122.115.201
521,Minne,Reder,mredereg@cbslocal.com,Female,213.196.242.235
522,Nola,Cowndley,ncowndleyeh@cargocollective.com,Female,221.222.178.130
523,Torrie,Brou,tbrouei@loc.gov,Female,9.18.202.221
524,Dunn,Davidsen,ddavidsenej@over-blog.com,Male,75.146.205.76
525,Gayle,Trumper,gtrumperek@jiathis.com,Bigender,74.178.94.105
526,Finlay,Cortes,fcortesel@mashable.com,Male,248.193.139.43
527,Percival,Cuell,pcuellem@craigslist.org,Male,92.81.166.148
528,Niels,Crossfeld,ncrossfelden@amazon.co.uk,Genderfluid,59.162.251.251
529,Stu,Hansbury,shansburyeo@ask.com,Male,121.123.195.199
530,Jedediah,Marzele,jmarzeleep@webnode.com,Male,227.96.205.97
531,Hirsch,Lelievre,hlelievreeq@sun.com,Male,88.157.222.152
532,Tedd,Stacy,tstacyer@booking.com,Male,61.1.221.135
533,Rhiamon,Jaffra,rjaffraes@cbslocal.com,Polygender,157.174.162.174
534,Orin,Gabler,ogableret@chron.com,Genderqueer,16.245.36.66
535,Karina,Skalls,kskallseu@amazon.co.uk,Female,222.158.176.32
536,Albertina,Monsey,amonseyev@hibu.com,Female,82.126.110.215
537,Leelah,Norcliff,lnorcliffew@weather.com,Female,159.21.50.126
538,Chad,McLinden,cmclindenex@weather.com,Male,53.54.192.71
539,Garik,Wilman,gwilmaney@ezinearticles.com,Male,255.221.180.58
540,Devlin,Downer,ddownerez@amazonaws.com,Male,162.156.30.75
541,Wat,Hadfield,whadfieldf0@altervista.org,Male,35.77.208.59
542,Wallis,Charman,wcharmanf1@seesaa.net,Female,198.251.162.90
543,Danna,Kaygill,dkaygillf2@dion.ne.jp,Female,207.86.234.216
544,Gwenni,Matousek,gmatousekf3@squarespace.com,Female,20.60.223.204
545,Floyd,Ocheltree,focheltreef4@naver.com,Male,174.91.136.134
546,Thornie,Grabiec,tgrabiecf5@com.com,Male,147.147.212.134
547,Wilhelm,Wallbanks,wwallbanksf6@friendfeed.com,Male,60.30.253.215
548,Woodie,Crepin,wcrepinf7@jiathis.com,Male,206.119.127.228
549,Calla,Dymock,cdymockf8@wikimedia.org,Female,119.120.143.221
550,Sol,Mulkerrins,smulkerrinsf9@tmall.com,Male,160.8.10.50
551,Sibyl,Riolfi,sriolfifa@sciencedirect.com,Male,183.46.150.158
552,Archy,Antonelli,aantonellifb@myspace.com,Male,247.173.212.162
553,Denice,Cabotto,dcabottofc@mashable.com,Female,18.40.71.71
554,Sheila,Chittenden,schittendenfd@uol.com.br,Female,143.5.43.39
555,Flossy,Layne,flaynefe@youku.com,Female,238.214.148.33
556,Clemmie,Heelis,cheelisff@java.com,Male,141.27.4.216
557,Tatum,Scudder,tscudderfg@ed.gov,Female,127.154.182.163
558,Jobi,Bointon,jbointonfh@barnesandnoble.com,Female,190.10.17.62
559,Margi,Ferronier,mferronierfi@miibeian.gov.cn,Non-binary,246.215.232.20
560,Izabel,Silveston,isilvestonfj@go.com,Female,194.192.5.78
561,Novelia,Brunskill,nbrunskillfk@oracle.com,Female,231.246.50.160
562,Lara,Armitage,larmitagefl@dion.ne.jp,Female,207.58.212.218
563,Kristopher,Milington,kmilingtonfm@unc.edu,Male,213.15.37.241
564,Emmit,Braham,ebrahamfn@adobe.com,Genderfluid,206.223.160.134
565,Abbot,Hinkins,ahinkinsfo@amazon.co.uk,Male,136.74.10.146
566,Sayer,Lob,slobfp@digg.com,Male,37.210.251.167
567,Leif,Burgiss,lburgissfq@mayoclinic.com,Male,13.250.67.197
568,Baryram,Olek,bolekfr@usda.gov,Male,201.8.90.39
569,Phebe,Seven,psevenfs@istockphoto.com,Female,112.17.200.64
570,Jerrine,De Ferraris,jdeferrarisft@hostgator.com,Female,102.55.253.42
571,Sibella,Campa,scampafu@cdc.gov,Female,212.7.88.73
572,Jessie,Cozins,jcozinsfv@youku.com,Male,136.213.84.48
573,Silas,De Marchi,sdemarchifw@hud.gov,Male,90.229.89.98
574,Michelina,Anespie,manespiefx@whitehouse.gov,Female,89.112.111.239
575,Esra,Enders,eendersfy@ycombinator.com,Male,95.60.121.30
576,Deanna,Cuthbertson,dcuthbertsonfz@boston.com,Female,218.31.77.76
577,Anette,Dykas,adykasg0@biglobe.ne.jp,Female,163.179.123.226
578,Carmen,Cocci,ccoccig1@senate.gov,Agender,118.168.245.154
579,Suzie,Dyble,sdybleg2@flickr.com,Genderqueer,156.173.253.137
580,Richie,Buggs,rbuggsg3@yellowpages.com,Male,222.43.52.221
581,Jervis,Ghiotto,jghiottog4@discovery.com,Genderqueer,15.229.194.251
582,Izzy,Fooks,ifooksg5@i2i.jp,Male,158.27.114.102
583,Chet,Canas,ccanasg6@about.me,Male,71.218.10.138
584,Florella,Caghan,fcaghang7@reverbnation.com,Female,135.49.53.229
585,Yale,Brazer,ybrazerg8@google.ca,Male,105.246.129.242
586,Bil,Cullnean,bcullneang9@mozilla.com,Male,109.138.3.109
587,Levey,Lissaman,llissamanga@huffingtonpost.com,Male,132.246.45.11
588,Rossy,Hassen,rhassengb@umich.edu,Male,14.36.140.70
589,Antonietta,Ashwood,aashwoodgc@patch.com,Female,206.187.216.59
590,Lindsay,Stathor,lstathorgd@wsj.com,Female,131.36.117.246
591,Lauree,Castanie,lcastaniege@weebly.com,Female,184.9.147.205
592,Krissie,Barajas,kbarajasgf@unc.edu,Female,164.27.208.254
593,Olivie,Lewis,olewisgg@usda.gov,Female,93.30.212.245
594,Gerta,Milliere,gmillieregh@ebay.co.uk,Female,109.104.70.115
595,Laurence,McNeillie,lmcneilliegi@japanpost.jp,Male,23.146.20.65
596,Standford,Boreham,sborehamgj@nifty.com,Male,192.109.9.74
597,Augustina,Bentame,abentamegk@quantcast.com,Non-binary,1.35.226.21
598,Randell,Osband,rosbandgl@harvard.edu,Male,103.67.250.26
599,Lyndsie,Cornforth,lcornforthgm@wufoo.com,Female,7.124.11.14
600,Currey,MacCafferty,cmaccaffertygn@wikia.com,Male,152.58.31.206
601,Gaylord,Creavan,gcreavango@digg.com,Agender,221.208.52.43
602,Oralee,Breckwell,obreckwellgp@blinklist.com,Female,244.196.6.111
603,Nadiya,Wasielewski,nwasielewskigq@bloglovin.com,Female,125.52.234.251
604,Bill,Sandercroft,bsandercroftgr@nih.gov,Female,135.234.115.91
605,Graig,Laville,glavillegs@ycombinator.com,Male,214.250.107.78
606,Jennifer,Gatcliff,jgatcliffgt@github.com,Female,11.60.147.193
607,Geno,Hardwich,ghardwichgu@wired.com,Male,172.105.9.179
608,Alidia,Padrick,apadrickgv@com.com,Female,115.126.97.129
609,Bobbe,Legg,blegggw@si.edu,Genderqueer,121.36.238.224
610,Pincas,Kubicka,pkubickagx@imgur.com,Male,128.202.211.57
611,Minetta,Zannuto,mzannutogy@google.cn,Female,231.162.186.103
612,Patricio,Bond,pbondgz@time.com,Male,42.28.207.190
613,Rosetta,Storah,rstorahh0@dion.ne.jp,Polygender,248.115.215.98
614,Wandis,Brunelli,wbrunellih1@japanpost.jp,Female,5.5.31.39
615,Llewellyn,Kenaway,lkenawayh2@nationalgeographic.com,Male,59.237.31.122
616,Waylan,Vedekhov,wvedekhovh3@jimdo.com,Male,73.175.160.162
617,Reuven,Lambert-Ciorwyn,rlambertciorwynh4@pinterest.com,Male,32.246.75.190
618,Catarina,Stonary,cstonaryh5@wikia.com,Female,101.83.234.141
619,Gilda,Tigwell,gtigwellh6@geocities.com,Female,4.194.98.9
620,Zelig,Eliassen,zeliassenh7@psu.edu,Male,55.5.252.69
621,Cullin,Webben,cwebbenh8@mozilla.com,Non-binary,227.113.153.93
622,Northrop,Fairall,nfairallh9@webmd.com,Male,219.11.203.183
623,Celisse,Aire,caireha@imdb.com,Female,142.45.73.37
624,Vito,Mattheissen,vmattheissenhb@theatlantic.com,Male,93.52.250.205
625,Claiborn,Tregien,ctregienhc@addthis.com,Male,215.149.3.176
626,Arturo,Fawdery,afawderyhd@epa.gov,Male,51.179.241.6
627,Wilmer,Dary,wdaryhe@histats.com,Non-binary,220.12.106.242
628,Jourdan,Daintry,jdaintryhf@joomla.org,Female,120.154.182.53
629,Rahel,Jeffes,rjeffeshg@sohu.com,Female,116.96.205.33
630,Niles,Eisig,neisighh@ibm.com,Male,90.172.48.75
631,Dore,Caldero,dcalderohi@imdb.com,Female,187.50.153.169
632,Efrem,Matthis,ematthishj@guardian.co.uk,Male,218.60.5.253
633,Margette,Daveley,mdaveleyhk@umich.edu,Female,102.14.198.137
634,Christoph,Meineken,cmeinekenhl@army.mil,Male,185.244.92.124
635,Ilaire,Churly,ichurlyhm@hibu.com,Male,2.157.244.255
636,Marnie,Cheesley,mcheesleyhn@so-net.ne.jp,Female,228.135.73.13
637,Blane,Blakey,bblakeyho@quantcast.com,Male,218.237.203.231
638,Eachelle,Lange,elangehp@dailymotion.com,Female,38.138.231.69
639,Babbette,Readitt,breaditthq@ftc.gov,Female,165.82.24.110
640,Luella,Cardenoso,lcardenosohr@blogtalkradio.com,Female,156.134.219.31
641,Smith,Gribbins,sgribbinshs@berkeley.edu,Male,115.13.221.235
642,Had,Chucks,hchucksht@dion.ne.jp,Male,192.139.21.189
643,Conny,Bellamy,cbellamyhu@businessweek.com,Female,133.209.159.73
644,Tobin,Dossettor,tdossettorhv@nps.gov,Male,131.24.89.223
645,Renard,Keller,rkellerhw@t.co,Male,218.39.141.136
646,Townie,Lympenie,tlympeniehx@weibo.com,Male,32.191.198.18
647,Alisha,Brabbs,abrabbshy@redcross.org,Female,224.69.111.59
648,Carrissa,Bordiss,cbordisshz@time.com,Female,236.96.37.88
649,Cecil,Gibbs,cgibbsi0@artisteer.com,Male,120.14.232.123
650,Conchita,Emons,cemonsi1@house.gov,Female,137.88.105.103
651,Leila,Broddle,lbroddlei2@google.co.uk,Female,248.130.221.14
652,Terra,Yakunchikov,tyakunchikovi3@quantcast.com,Female,244.218.217.202
653,Karena,Thickett,kthicketti4@bigcartel.com,Bigender,243.162.26.15
654,Renaldo,Frew,rfrewi5@amazon.com,Male,131.23.217.21
655,Martainn,Gawler,mgawleri6@bloglovin.com,Genderfluid,50.228.199.3
656,Bent,Sculley,bsculleyi7@ted.com,Male,101.185.25.175
657,Torre,Yakobovicz,tyakoboviczi8@bloomberg.com,Male,82.221.126.129
658,Theresita,Collcutt,tcollcutti9@samsung.com,Female,17.201.162.40
659,Wini,Pechold,wpecholdia@redcross.org,Female,58.88.10.28
660,Riannon,Stanning,rstanningib@merriam-webster.com,Female,179.168.85.244
661,Neal,Limbourne,nlimbourneic@typepad.com,Male,37.89.97.248
662,Karalee,Doughartie,kdoughartieid@adobe.com,Female,121.247.248.118
663,Dotti,Balfe,dbalfeie@squarespace.com,Female,215.4.114.171
664,Yanaton,Rubinov,yrubinovif@ucoz.ru,Male,250.131.54.210
665,Chaddie,Greenleaf,cgreenleafig@unicef.org,Male,3.230.5.128
666,Gayelord,Iredale,giredaleih@theatlantic.com,Male,231.122.235.78
667,Lyda,Fitzsimmons,lfitzsimmonsii@a8.net,Female,5.220.202.57
668,Bowie,Westnedge,bwestnedgeij@list-manage.com,Male,188.39.196.244
669,Evered,Screeton,escreetonik@youtube.com,Male,251.47.167.250
670,Flin,Skittreal,fskittrealil@phpbb.com,Male,143.99.15.210
671,Morna,Hould,mhouldim@sun.com,Female,181.129.51.161
672,Darell,Ranahan,dranahanin@t-online.de,Female,119.116.216.119
673,Minny,Dyment,mdymentio@xing.com,Female,234.173.102.182
674,Leeland,Elleyne,lelleyneip@oracle.com,Bigender,155.120.174.199
675,Lolly,Coulsen,lcoulseniq@mayoclinic.com,Female,159.239.207.32
676,Erwin,Clayal,eclayalir@ibm.com,Male,247.155.104.177
677,Rhett,MacGahey,rmacgaheyis@ning.com,Male,193.139.8.73
678,Maura,Bengtsson,mbengtssonit@pagesperso-orange.fr,Female,11.69.248.217
679,Courtnay,Shaw,cshawiu@w3.org,Male,39.186.47.60
680,Albert,De Dantesie,adedantesieiv@dailymotion.com,Male,81.45.52.240
681,Diahann,Monnery,dmonneryiw@trellian.com,Female,52.201.161.202
682,Joyan,Hrishchenko,jhrishchenkoix@reverbnation.com,Female,223.34.198.15
683,Leone,Spancock,lspancockiy@opensource.org,Female,240.243.77.59
684,Pascal,Vaz,pvaziz@mlb.com,Male,121.122.110.84
685,Bride,Mangeot,bmangeotj0@cornell.edu,Female,128.172.126.247
686,Veriee,Oppie,voppiej1@vimeo.com,Female,118.27.99.116
687,Daphene,Mc Comb,dmccombj2@princeton.edu,Female,73.71.127.231
688,Bradford,Venart,bvenartj3@uiuc.edu,Male,36.122.96.30
689,Marven,Tollady,mtolladyj4@moonfruit.com,Male,170.95.246.39
690,Fonzie,Glasscoe,fglasscoej5@1und1.de,Male,14.53.116.27
691,Violante,Heggs,vheggsj6@shop-pro.jp,Female,171.133.104.189
692,Ortensia,Millwall,omillwallj7@discuz.net,Female,254.45.193.104
693,Wallis,Leese,wleesej8@51.la,Male,103.101.80.46
694,Debee,Clee,dcleej9@chicagotribune.com,Female,216.6.25.217
695,Clint,MacMarcuis,cmacmarcuisja@ftc.gov,Male,181.97.53.202
696,Tandy,Wife,twifejb@cbsnews.com,Female,155.68.113.21
697,Selia,Toderbrugge,stoderbruggejc@narod.ru,Genderfluid,4.238.43.114
698,Hunter,Stannas,hstannasjd@hexun.com,Male,18.158.57.63
699,Giustino,Stoneley,gstoneleyje@icq.com,Male,244.114.40.233
700,Doreen,Stopps,dstoppsjf@php.net,Female,87.12.136.138
701,Hamid,Bradfield,hbradfieldjg@goo.gl,Male,180.170.208.150
702,Marcus,Meneely,mmeneelyjh@tinyurl.com,Male,145.18.37.88
703,Rey,Fryer,rfryerji@google.pl,Female,185.152.252.234
704,Dory,Egdale,degdalejj@wunderground.com,Male,55.25.31.85
705,Vinny,Furminger,vfurmingerjk@mlb.com,Female,122.204.205.126
706,Correna,Bernadzki,cbernadzkijl@squarespace.com,Genderfluid,131.128.170.195
707,Wilmar,Breedy,wbreedyjm@admin.ch,Male,163.15.131.208
708,Shepherd,Bozworth,sbozworthjn@jimdo.com,Male,155.147.32.99
709,Brennan,Reinert,breinertjo@live.com,Agender,150.138.12.166
710,Yard,Canas,ycanasjp@elegantthemes.com,Male,7.243.4.94
711,Jillian,Croston,jcrostonjq@cargocollective.com,Female,169.227.202.214
712,Cariotta,Salan,csalanjr@live.com,Female,85.151.251.232
713,Edgardo,Bills,ebillsjs@tmall.com,Polygender,224.13.64.116
714,Taddeusz,Lamborn,tlambornjt@e-recht24.de,Male,209.213.181.47
715,Claudetta,Menlove,cmenloveju@lycos.com,Female,86.33.140.32
716,Marjy,Stookes,mstookesjv@cbslocal.com,Female,143.95.224.108
717,Gayle,Babington,gbabingtonjw@ezinearticles.com,Polygender,55.7.80.158
718,Towny,Brewster,tbrewsterjx@mysql.com,Genderqueer,82.200.30.7
719,Laurie,Hefferon,lhefferonjy@comcast.net,Male,132.106.236.89
720,Rose,Garfirth,rgarfirthjz@oaic.gov.au,Female,203.38.244.23
721,Em,Coull,ecoullk0@pinterest.com,Female,132.181.136.11
722,Raf,Borg,rborgk1@devhub.com,Non-binary,80.79.119.162
723,Devin,Bolt,dboltk2@pbs.org,Male,122.26.107.210
724,Dominique,Hanner,dhannerk3@unblog.fr,Male,146.122.70.166
725,Conrade,Crosi,ccrosik4@wikimedia.org,Male,202.185.169.48
726,Kamilah,Paulusch,kpauluschk5@sphinn.com,Female,109.195.125.198
727,Freddie,Compford,fcompfordk6@sciencedirect.com,Male,16.27.44.203
728,Kristoffer,Bleckly,kblecklyk7@barnesandnoble.com,Male,141.106.161.109
729,Clywd,Meys,cmeysk8@skype.com,Male,22.51.35.137
730,Larina,Boncore,lboncorek9@cpanel.net,Female,87.45.61.254
731,Bogart,Steuhlmeyer,bsteuhlmeyerka@phpbb.com,Male,113.236.234.120
732,Hermie,Conochie,hconochiekb@businessinsider.com,Male,178.46.211.163
733,Waylin,Farrall,wfarrallkc@purevolume.com,Male,210.82.95.175
734,Brion,Frail,bfrailkd@mayoclinic.com,Male,123.45.96.193
735,Kahlil,Goodhew,kgoodhewke@miitbeian.gov.cn,Male,252.43.140.27
736,Boyd,Lovell,blovellkf@google.es,Male,196.176.143.14
737,Fransisco,Rainbow,frainbowkg@ucoz.ru,Male,228.212.35.35
738,Desmund,Simms,dsimmskh@i2i.jp,Male,238.75.168.23
739,Harmony,Cordier,hcordierki@washingtonpost.com,Female,98.220.85.252
740,Ophelie,Greyes,ogreyeskj@washingtonpost.com,Female,118.93.105.28
741,Ringo,Gostage,rgostagekk@sphinn.com,Male,203.242.73.160
742,Ingrid,Tipperton,itippertonkl@wp.com,Female,80.70.40.230
743,Desmond,Kleinsmuntz,dkleinsmuntzkm@mysql.com,Genderfluid,51.145.42.70
744,Meir,Paolazzi,mpaolazzikn@tmall.com,Male,18.152.240.87
745,Jessey,Terron,jterronko@photobucket.com,Polygender,244.33.58.142
746,Gerik,Dorney,gdorneykp@wikia.com,Male,41.145.49.206
747,Tildi,Gwilt,tgwiltkq@xinhuanet.com,Female,209.95.10.146
748,Milicent,Druhan,mdruhankr@addthis.com,Female,130.65.52.174
749,Margot,de Quesne,mdequesneks@blog.com,Female,25.167.161.20
750,Maritsa,Creddon,mcreddonkt@goo.ne.jp,Female,235.183.253.200
751,Shepherd,Dowzell,sdowzellku@youtu.be,Male,51.226.210.69
752,Pen,Gyorffy,pgyorffykv@examiner.com,Female,92.189.2.14
753,Ringo,Gateman,rgatemankw@gizmodo.com,Male,53.174.142.221
754,Alvy,Ranyell,aranyellkx@networksolutions.com,Male,151.155.131.40
755,Glennie,Calcut,gcalcutky@behance.net,Female,102.243.177.51
756,Marigold,Bashford,mbashfordkz@123-reg.co.uk,Female,226.84.149.196
757,Frasier,Van Driel,fvandriell0@weather.com,Male,86.220.143.93
758,Adela,Trelease,atreleasel1@nifty.com,Female,188.156.217.194
759,Marley,Bulpitt,mbulpittl2@hud.gov,Female,27.204.37.213
760,Elisabetta,Durkin,edurkinl3@sakura.ne.jp,Female,215.99.222.171
761,Delano,Howieson,dhowiesonl4@cdbaby.com,Male,211.187.100.126
762,Feodora,Collier,fcollierl5@elegantthemes.com,Female,185.82.96.119
763,Dorian,Vasenin,dvaseninl6@hud.gov,Male,178.55.139.30
764,Vassili,Buss,vbussl7@noaa.gov,Bigender,40.138.214.26
765,Lira,Duckering,lduckeringl8@squarespace.com,Female,136.2.166.253
766,Constancia,Ortiger,cortigerl9@paypal.com,Female,241.243.83.72
767,Evita,Hovell,ehovellla@hao123.com,Female,87.205.93.72
768,Inez,Monan,imonanlb@vk.com,Female,4.149.245.202
769,Steward,Brazener,sbrazenerlc@baidu.com,Male,99.151.77.120
770,Odelia,Sinson,osinsonld@rakuten.co.jp,Female,144.240.225.7
771,Brady,Gillian,bgillianle@merriam-webster.com,Male,242.106.18.233
772,Lisbeth,Crumby,lcrumbylf@mtv.com,Female,30.87.63.143
773,Wilone,Dolligon,wdolligonlg@behance.net,Female,16.6.140.8
774,Gerta,Hakewell,ghakewelllh@odnoklassniki.ru,Female,205.140.87.232
775,Stevena,Oager,soagerli@storify.com,Female,172.52.225.110
776,Mariam,Fernandez,mfernandezlj@shareasale.com,Female,217.148.130.86
777,Betteann,Harron,bharronlk@tumblr.com,Female,73.30.182.167
778,Pincus,Blyth,pblythll@yelp.com,Genderfluid,233.10.196.125
779,Lula,Pagden,lpagdenlm@wisc.edu,Female,68.15.28.213
780,Bonnibelle,Yegoshin,byegoshinln@slideshare.net,Female,51.183.20.107
781,Josiah,Gush,jgushlo@statcounter.com,Male,125.2.228.252
782,Perice,Fochs,pfochslp@weather.com,Male,238.234.59.56
783,Madelina,Grunson,mgrunsonlq@cam.ac.uk,Female,110.250.89.131
784,Merrile,Bains,mbainslr@shinystat.com,Female,226.171.69.208
785,Woodie,Claypool,wclaypoolls@wunderground.com,Male,73.103.134.127
786,Carmon,Raison,craisonlt@huffingtonpost.com,Female,108.179.143.187
787,Thia,Ledbury,tledburylu@jigsy.com,Female,117.117.222.139
788,Elmer,Wareham,ewarehamlv@hostgator.com,Male,76.145.209.191
789,Renard,D'Aulby,rdaulbylw@t-online.de,Male,137.75.134.37
790,Kerry,McBeath,kmcbeathlx@tmall.com,Female,176.77.210.232
791,Herbie,Maggi,hmaggily@netscape.com,Male,79.219.108.198
792,Caddric,MacFarland,cmacfarlandlz@mapquest.com,Male,60.185.210.72
793,Roddie,Waples,rwaplesm0@latimes.com,Agender,92.107.36.32
794,Trude,Dargavel,tdargavelm1@1und1.de,Female,86.151.202.152
795,Isidoro,Middleditch,imiddleditchm2@privacy.gov.au,Polygender,21.199.156.166
796,Ashby,Antonijevic,aantonijevicm3@cdbaby.com,Male,255.1.29.112
797,Lewie,Hoyt,lhoytm4@smugmug.com,Male,223.159.103.220
798,Rolf,Couves,rcouvesm5@unblog.fr,Male,158.7.52.206
799,Colby,Gummory,cgummorym6@hibu.com,Male,66.112.24.94
800,Tess,Schouthede,tschouthedem7@skype.com,Female,92.138.0.24
801,Filmer,Erie,feriem8@zdnet.com,Genderfluid,141.31.216.117
802,Joscelin,Ullrich,jullrichm9@over-blog.com,Female,214.211.37.238
803,Forbes,Covil,fcovilma@examiner.com,Male,105.247.253.180
804,Harwilll,Whawell,hwhawellmb@squarespace.com,Male,66.147.195.120
805,Gwenni,Shovelin,gshovelinmc@alibaba.com,Female,85.32.37.180
806,Shaylah,Couvert,scouvertmd@usda.gov,Female,44.120.241.183
807,Alfredo,Ockendon,aockendonme@google.com.br,Male,242.14.233.89
808,Waldemar,Crosetti,wcrosettimf@smh.com.au,Male,169.148.61.6
809,Rufus,Loyley,rloyleymg@pinterest.com,Male,176.236.144.86
810,Dodi,Manson,dmansonmh@cdbaby.com,Bigender,105.247.90.251
811,Deeanne,Tejada,dtejadami@example.com,Female,120.14.65.168
812,Eugenia,Gomby,egombymj@wsj.com,Female,205.195.236.24
813,Ema,Dobbing,edobbingmk@xinhuanet.com,Female,156.7.147.34
814,Kinny,Eastman,keastmanml@kickstarter.com,Male,53.35.211.221
815,Derril,Solon,dsolonmm@dion.ne.jp,Male,62.103.179.116
816,Cyrille,Rivard,crivardmn@rambler.ru,Male,47.7.246.44
817,Fabien,Howson,fhowsonmo@bandcamp.com,Male,157.160.18.174
818,Birdie,Bruneton,bbrunetonmp@shareasale.com,Female,48.93.166.223
819,Chloe,Greenacre,cgreenacremq@unc.edu,Female,242.23.243.171
820,Henri,Streeter,hstreetermr@ftc.gov,Male,61.182.137.33
821,Aubrette,Adao,aadaoms@shareasale.com,Female,137.14.21.224
822,Cole,Piletic,cpileticmt@scientificamerican.com,Male,145.35.219.184
823,Roth,Cornill,rcornillmu@printfriendly.com,Male,148.20.105.96
824,Ddene,Cohr,dcohrmv@buzzfeed.com,Female,157.32.138.50
825,Mohammed,Bretton,mbrettonmw@cdbaby.com,Male,187.55.242.227
826,Nick,Khomich,nkhomichmx@ihg.com,Male,175.176.154.73
827,Tommi,Tibbotts,ttibbottsmy@joomla.org,Female,7.122.88.33
828,Rab,Tremmel,rtremmelmz@foxnews.com,Male,214.139.203.89
829,Derrek,Yaakov,dyaakovn0@spiegel.de,Male,252.40.200.113
830,Clarence,McClune,cmcclunen1@acquirethisname.com,Male,96.195.34.87
831,Kristy,Klemmt,kklemmtn2@blinklist.com,Female,8.153.222.167
832,Jamima,Whyatt,jwhyattn3@seattletimes.com,Female,31.254.165.10
833,Dagny,Hollingby,dhollingbyn4@vinaora.com,Male,213.134.251.113
834,Kara,Shillinglaw,kshillinglawn5@blinklist.com,Female,129.167.82.8
835,Burk,Simpson,bsimpsonn6@amazon.com,Male,235.113.7.88
836,Leshia,Burnitt,lburnittn7@vinaora.com,Female,165.57.149.146
837,Kylie,Payton,kpaytonn8@gnu.org,Male,227.19.189.64
838,Hansiain,Meadowcroft,hmeadowcroftn9@amazon.co.uk,Male,179.180.213.182
839,Horten,Robichon,hrobichonna@independent.co.uk,Male,105.232.129.206
840,Parke,Ropartz,propartznb@theguardian.com,Male,223.126.152.55
841,Ker,Van der Krui,kvanderkruinc@pcworld.com,Male,128.103.73.161
842,Kean,Copcott,kcopcottnd@over-blog.com,Male,245.190.245.143
843,Currey,Alesio,calesione@umich.edu,Male,230.244.183.97
844,Lonny,Debold,ldeboldnf@va.gov,Male,28.58.149.252
845,Ardys,Leffek,aleffekng@loc.gov,Female,8.153.221.81
846,Ursuline,Sylvester,usylvesternh@accuweather.com,Female,101.146.126.214
847,Dollie,Lamar,dlamarni@mapquest.com,Female,9.240.161.168
848,Tally,Ledford,tledfordnj@homestead.com,Female,227.54.106.134
849,Tammy,Strongitharm,tstrongitharmnk@ow.ly,Bigender,22.33.225.57
850,Hartley,McGuirk,hmcguirknl@tumblr.com,Male,238.22.196.180
851,Leena,Macvey,lmacveynm@bluehost.com,Female,174.25.132.222
852,Henderson,Devonish,hdevonishnn@soundcloud.com,Male,183.229.84.82
853,Robbie,Metzig,rmetzigno@so-net.ne.jp,Female,218.18.153.215
854,Ramsey,Hurlestone,rhurlestonenp@google.it,Male,99.189.226.194
855,Tad,Crotch,tcrotchnq@accuweather.com,Agender,164.85.255.160
856,Sully,Addenbrooke,saddenbrookenr@ow.ly,Male,169.36.125.131
857,Candi,Dawidowicz,cdawidowiczns@sourceforge.net,Genderqueer,217.227.145.170
858,Thorn,Dolohunty,tdolohuntynt@imageshack.us,Male,210.12.40.100
859,Thom,Drage,tdragenu@wikia.com,Male,187.221.29.36
860,May,Oleshunin,moleshuninnv@princeton.edu,Female,139.169.70.76
861,Vincents,Billion,vbillionnw@i2i.jp,Male,56.122.100.129
862,Gizela,Toplin,gtoplinnx@cbslocal.com,Female,120.171.130.117
863,Wren,Heustace,wheustaceny@about.com,Female,121.209.195.43
864,Harmonia,Sedgemond,hsedgemondnz@php.net,Female,15.248.79.158
865,Aeriela,Penketh,apenketho0@moonfruit.com,Female,100.87.86.54
866,Georgie,Shwalbe,gshwalbeo1@geocities.jp,Male,177.227.36.186
867,Salem,Butler,sbutlero2@multiply.com,Male,202.40.255.68
868,Janine,Jarvie,jjarvieo3@plala.or.jp,Female,208.93.53.19
869,Catherina,Strowlger,cstrowlgero4@cnbc.com,Female,130.217.111.234
870,Wash,Castanho,wcastanhoo5@omniture.com,Male,126.14.36.146
871,April,Skains,askainso6@irs.gov,Female,82.213.131.44
872,Finlay,Goodenough,fgoodenougho7@whitehouse.gov,Male,255.174.108.246
873,Valina,Tilzey,vtilzeyo8@squidoo.com,Polygender,16.92.47.1
874,Zorana,Durtnal,zdurtnalo9@nbcnews.com,Female,94.65.31.131
875,Nicolea,Pawlik,npawlikoa@blog.com,Female,209.0.135.174
876,Natalya,Cuttings,ncuttingsob@amazonaws.com,Female,99.120.227.244
877,Ulrika,Maltby,umaltbyoc@4shared.com,Female,246.152.189.195
878,Easter,Drewett,edrewettod@opera.com,Genderfluid,186.37.52.34
879,Cathy,Farquarson,cfarquarsonoe@narod.ru,Female,150.174.214.182
880,Burr,Paramor,bparamorof@people.com.cn,Male,65.109.234.112
881,Gwynne,Marjoram,gmarjoramog@technorati.com,Female,181.51.29.55
882,Rafaelia,Ewenson,rewensonoh@hatena.ne.jp,Female,100.48.129.212
883,Stern,Ogles,soglesoi@thetimes.co.uk,Male,158.59.133.143
884,Gratia,Laden,gladenoj@about.com,Female,123.11.175.245
885,Giffer,Scobie,gscobieok@washington.edu,Male,64.123.232.249
886,Dulciana,Cowperthwaite,dcowperthwaiteol@mlb.com,Female,230.120.68.63
887,Cary,Stogill,cstogillom@bluehost.com,Male,183.32.111.222
888,Gery,Gillise,ggilliseon@tiny.cc,Male,252.200.4.42
889,Olin,Le Breton De La Vieuville,olebretondelavieuvilleoo@mozilla.org,Male,216.68.106.159
890,Jaquenetta,Gowdy,jgowdyop@wired.com,Female,93.2.3.176
891,Fay,Leamon,fleamonoq@springer.com,Female,18.116.133.250
892,Austin,de Keep,adekeepor@psu.edu,Male,48.213.16.103
893,Ewart,Dawdary,edawdaryos@last.fm,Male,53.89.76.140
894,Glenden,Millhouse,gmillhouseot@nationalgeographic.com,Male,77.67.223.212
895,Ulick,Tokell,utokellou@ucoz.com,Male,232.126.43.162
896,Demeter,Britian,dbritianov@intel.com,Female,245.79.72.91
897,Frants,Waddup,fwaddupow@hibu.com,Male,169.21.86.167
898,Auguste,Taggart,ataggartox@xinhuanet.com,Female,155.134.125.15
899,Adolphe,Apthorpe,aapthorpeoy@csmonitor.com,Male,217.203.213.81
900,Torrey,MacInerney,tmacinerneyoz@homestead.com,Male,188.185.18.193
901,Dante,Raper,draperp0@army.mil,Male,20.73.244.213
902,Abraham,Divina,adivinap1@canalblog.com,Male,148.3.212.119
903,Chester,Millbank,cmillbankp2@unicef.org,Male,142.143.38.1
904,Dorey,Greatbanks,dgreatbanksp3@chron.com,Female,143.25.60.37
905,Wash,Joel,wjoelp4@odnoklassniki.ru,Male,79.180.254.49
906,Alecia,Cumberpatch,acumberpatchp5@walmart.com,Agender,139.209.234.159
907,Kareem,Sheere,ksheerep6@springer.com,Male,90.2.91.182
908,Ansel,Weiner,aweinerp7@ning.com,Male,64.226.33.65
909,Kristopher,Streetfield,kstreetfieldp8@sogou.com,Male,187.67.141.187
910,Sylvester,Elfitt,selfittp9@vkontakte.ru,Male,154.129.58.88
911,Rheba,Lougheid,rlougheidpa@weibo.com,Female,11.102.233.26
912,Penny,Foad,pfoadpb@skyrock.com,Female,181.79.156.111
913,Arthur,Maryet,amaryetpc@foxnews.com,Male,5.109.52.220
914,Olvan,Pimmocke,opimmockepd@nydailynews.com,Male,134.165.187.66
915,Ali,Detoc,adetocpe@angelfire.com,Male,83.184.99.60
916,Tomas,Jervoise,tjervoisepf@icio.us,Male,179.254.121.178
917,Fritz,Pinare,fpinarepg@exblog.jp,Male,54.34.169.27
918,Tami,Mossbee,tmossbeeph@hc360.com,Female,105.0.83.233
919,Breanne,Mattacks,bmattackspi@youku.com,Non-binary,124.122.84.102
920,Farrel,Cruickshank,fcruickshankpj@marriott.com,Male,89.152.83.80
921,Whitney,Vitte,wvittepk@state.gov,Genderqueer,10.129.234.80
922,Emmeline,Moyser,emoyserpl@npr.org,Female,118.53.241.141
923,August,Meese,ameesepm@phoca.cz,Male,37.75.10.68
924,Carlie,Suffe,csuffepn@state.tx.us,Male,62.110.50.108
925,Josh,Doog,jdoogpo@tripod.com,Male,81.91.225.90
926,Hurlee,Philipson,hphilipsonpp@booking.com,Male,13.64.58.215
927,Chantal,Hazzard,chazzardpq@forbes.com,Female,223.246.137.99
928,Tore,Penswick,tpenswickpr@amazonaws.com,Male,206.85.81.74
929,Carole,Bjerkan,cbjerkanps@xinhuanet.com,Female,216.214.14.179
930,Madelena,Lisciardelli,mlisciardellipt@examiner.com,Female,145.245.32.198
931,Aaron,Aubrun,aaubrunpu@constantcontact.com,Male,157.56.245.54
932,Alistair,Kolushev,akolushevpv@vk.com,Genderqueer,94.243.143.112
933,Bartlett,Teacy,bteacypw@hud.gov,Male,60.8.179.221
934,Devonna,Trahmel,dtrahmelpx@pen.io,Female,132.215.157.98
935,Kellie,Avrahamian,kavrahamianpy@upenn.edu,Female,138.96.204.254
936,Bran,Battyll,bbattyllpz@ca.gov,Male,179.213.94.174
937,Trumann,Ennever,tenneverq0@ox.ac.uk,Male,98.72.163.70
938,Zorina,Gillatt,zgillattq1@ox.ac.uk,Female,255.36.251.70
939,Ban,Peche,bpecheq2@cmu.edu,Male,192.99.226.211
940,Dex,Bigham,dbighamq3@va.gov,Male,238.188.153.79
941,Lil,Hatley,lhatleyq4@freewebs.com,Female,241.135.6.169
942,Ortensia,Pearn,opearnq5@mediafire.com,Female,222.98.100.239
943,Teddy,Mattholie,tmattholieq6@amazon.com,Female,21.74.189.225
944,Erhart,Killingback,ekillingbackq7@sfgate.com,Male,5.157.185.121
945,Junette,Hayhurst,jhayhurstq8@vkontakte.ru,Genderqueer,50.70.200.191
946,Em,Delouch,edelouchq9@cam.ac.uk,Female,81.113.190.100
947,Aubert,Sharplin,asharplinqa@cdc.gov,Male,236.160.190.144
948,Chet,Aysh,cayshqb@dion.ne.jp,Male,195.212.28.161
949,Zuzana,Harlick,zharlickqc@scientificamerican.com,Female,58.158.71.3
950,Ellswerth,Busk,ebuskqd@netscape.com,Bigender,172.215.176.198
951,Earl,Oulett,eoulettqe@va.gov,Male,252.170.158.12
952,Wayne,Sessions,wsessionsqf@statcounter.com,Male,93.61.16.16
953,Gearard,Windas,gwindasqg@tinypic.com,Male,110.191.148.183
954,Jonathan,Mullender,jmullenderqh@pagesperso-orange.fr,Male,123.75.189.109
955,Leo,Tibbits,ltibbitsqi@people.com.cn,Male,144.74.93.61
956,Ashely,Jodlowski,ajodlowskiqj@ask.com,Female,76.183.39.51
957,Oren,Rutt,oruttqk@newsvine.com,Male,247.55.100.176
958,Meta,Spikins,mspikinsql@ted.com,Female,201.8.232.234
959,Caresa,D'Alessio,cdalessioqm@merriam-webster.com,Female,94.189.205.179
960,Bond,Kubera,bkuberaqn@bbc.co.uk,Genderqueer,5.89.169.242
961,Haven,Bovis,hbovisqo@ed.gov,Male,39.52.64.94
962,Lissie,Ondrich,londrichqp@seattletimes.com,Female,166.120.85.251
963,Engelbert,Yendle,eyendleqq@hostgator.com,Male,206.164.146.196
964,Mame,Laxston,mlaxstonqr@printfriendly.com,Female,215.112.61.95
965,Dilly,Rockingham,drockinghamqs@washington.edu,Male,223.88.239.91
966,Moise,Elsie,melsieqt@thetimes.co.uk,Male,29.27.22.250
967,Hannis,Lakeman,hlakemanqu@yahoo.com,Female,168.81.201.1
968,Florian,Shawell,fshawellqv@fema.gov,Male,228.123.202.6
969,Chance,Ruilton,cruiltonqw@sourceforge.net,Male,136.219.58.170
970,Melba,Hathwood,mhathwoodqx@sphinn.com,Female,75.60.11.71
971,Kattie,Sallier,ksallierqy@zimbio.com,Female,3.55.124.249
972,Harald,McGilvary,hmcgilvaryqz@theguardian.com,Male,55.147.115.24
973,Cammy,cornhill,ccornhillr0@blog.com,Male,3.223.60.168
974,Walliw,Abelovitz,wabelovitzr1@narod.ru,Female,147.233.56.37
975,Denyse,Simmig,dsimmigr2@mapquest.com,Female,161.167.248.199
976,Andonis,Pina,apinar3@sciencedirect.com,Male,177.149.82.11
977,Stephi,Steenson,ssteensonr4@dyndns.org,Female,188.249.174.219
978,Alayne,Kindred,akindredr5@hao123.com,Non-binary,84.163.216.16
979,Merwin,Beagley,mbeagleyr6@qq.com,Male,88.156.173.9
980,Adamo,Huntingford,ahuntingfordr7@amazon.de,Male,20.93.210.174
981,Harman,Ibbotson,hibbotsonr8@army.mil,Male,50.232.144.64
982,Cassondra,Favel,cfavelr9@jugem.jp,Female,191.157.205.31
983,Collete,Caudwell,ccaudwellra@furl.net,Female,88.183.113.137
984,Alys,Wegman,awegmanrb@facebook.com,Female,46.80.240.93
985,Clovis,Darben,cdarbenrc@angelfire.com,Female,18.69.151.102
986,Antonella,Matyushkin,amatyushkinrd@who.int,Female,74.14.248.190
987,Aurelea,Worthy,aworthyre@odnoklassniki.ru,Polygender,13.117.166.49
988,Barrie,Brennenstuhl,bbrennenstuhlrf@cargocollective.com,Female,26.91.148.137
989,Alyda,Langland,alanglandrg@usatoday.com,Non-binary,86.119.53.95
990,Heinrick,Sommerly,hsommerlyrh@nifty.com,Male,143.118.137.192
991,Alva,Alekhov,aalekhovri@apple.com,Male,128.206.190.132
992,Neal,Richold,nricholdrj@sourceforge.net,Male,121.211.0.97
993,Ollie,Adamoli,oadamolirk@boston.com,Female,165.35.160.249
994,Adda,Runnett,arunnettrl@cnet.com,Female,114.38.211.250
995,Virge,Stainbridge,vstainbridgerm@de.vu,Male,88.117.136.45
996,Rhody,Knutsen,rknutsenrn@usgs.gov,Female,137.236.229.212
997,Shandie,Heaslip,sheaslipro@free.fr,Female,191.33.155.251
998,Ramsay,Morrad,rmorradrp@webs.com,Male,33.158.73.29
999,Delcina,Snar,dsnarrq@blog.com,Female,180.194.217.28
1000,Harris,Genike,hgenikerr@cisco.com,Male,81.180.166.205